intervention_baseline, 24.124999999999993
control_baseline, 19.70833333333333
intervention_d7, 9.66666666666667
control_d7, 16.875
